subscriber_id,telecom,app,timestamp,duration_sec,fraud_label
SUB_001,MTNL,WhatsApp,2025-04-01 16:45:00,495,Benign
SUB_001,MTNL,WhatsApp,2025-04-01 22:05:00,1604,Benign
SUB_001,MTNL,WhatsApp,2025-04-01 11:03:00,180,Benign
SUB_001,MTNL,WhatsApp,2025-04-01 14:15:00,496,Benign
SUB_001,MTNL,WhatsApp,2025-04-01 00:32:00,113,Benign
SUB_001,MTNL,Telegram,2025-04-01 16:26:00,1522,Identity
SUB_001,MTNL,Telegram,2025-04-01 06:30:00,877,Benign
SUB_001,MTNL,Telegram,2025-04-01 01:48:00,1744,Identity
SUB_001,MTNL,Telegram,2025-04-01 18:19:00,605,Benign
SUB_001,MTNL,Telegram,2025-04-01 14:04:00,1081,Benign
SUB_001,MTNL,Telegram,2025-04-01 05:56:00,641,Psychological
SUB_001,MTNL,Telegram,2025-04-01 03:58:00,595,Benign
SUB_001,MTNL,Signal,2025-04-01 19:08:00,1770,Benign
SUB_001,MTNL,Signal,2025-04-01 06:18:00,767,Benign
SUB_001,MTNL,Signal,2025-04-01 01:26:00,950,Benign
SUB_002,BSNL,WhatsApp,2025-04-01 11:25:00,329,Benign
SUB_002,BSNL,WhatsApp,2025-04-01 12:25:00,380,Benign
SUB_002,BSNL,WhatsApp,2025-04-01 16:29:00,1189,Benign
SUB_002,BSNL,Telegram,2025-04-01 12:10:00,1276,Benign
SUB_002,BSNL,Telegram,2025-04-01 15:16:00,826,Benign
SUB_002,BSNL,Telegram,2025-04-01 15:09:00,1663,Psychological
SUB_002,BSNL,Telegram,2025-04-01 07:51:00,949,Benign
SUB_002,BSNL,Telegram,2025-04-01 04:40:00,311,Benign
SUB_002,BSNL,Telegram,2025-04-01 03:30:00,1714,Benign
SUB_002,BSNL,Signal,2025-04-01 08:33:00,1226,Benign
SUB_002,BSNL,Signal,2025-04-01 05:11:00,1606,Benign
SUB_002,BSNL,Signal,2025-04-01 12:46:00,809,Benign
SUB_002,BSNL,Signal,2025-04-01 09:42:00,1669,Benign
SUB_002,BSNL,Signal,2025-04-01 11:25:00,1148,Benign
SUB_002,BSNL,Signal,2025-04-01 21:02:00,1386,Financial
SUB_002,BSNL,Signal,2025-04-01 05:32:00,1073,Benign
SUB_002,BSNL,Signal,2025-04-01 08:47:00,1569,Benign
SUB_003,Vi,WhatsApp,2025-04-01 23:30:00,220,Benign
SUB_003,Vi,WhatsApp,2025-04-01 10:13:00,1601,Financial
SUB_003,Vi,WhatsApp,2025-04-01 03:08:00,1155,Investment
SUB_003,Vi,WhatsApp,2025-04-01 21:39:00,854,Benign
SUB_003,Vi,WhatsApp,2025-04-01 19:16:00,1563,Benign
SUB_003,Vi,Telegram,2025-04-01 22:55:00,1781,Financial
SUB_003,Vi,Telegram,2025-04-01 01:28:00,412,Benign
SUB_003,Vi,Telegram,2025-04-01 00:29:00,726,Benign
SUB_003,Vi,Telegram,2025-04-01 23:06:00,535,Benign
SUB_003,Vi,Telegram,2025-04-01 07:22:00,370,Benign
SUB_003,Vi,Telegram,2025-04-01 04:38:00,633,Psychological
SUB_003,Vi,Telegram,2025-04-01 13:49:00,181,Benign
SUB_003,Vi,Telegram,2025-04-01 06:41:00,870,Benign
SUB_003,Vi,Signal,2025-04-01 12:44:00,1444,Benign
SUB_003,Vi,Signal,2025-04-01 07:25:00,674,Benign
SUB_003,Vi,Signal,2025-04-01 19:55:00,499,Psychological
SUB_003,Vi,Signal,2025-04-01 07:13:00,250,Psychological
SUB_003,Vi,Signal,2025-04-01 05:11:00,1533,Benign
SUB_003,Vi,Signal,2025-04-01 03:47:00,621,Benign
SUB_003,Vi,Signal,2025-04-01 10:17:00,403,Benign
SUB_003,Vi,Signal,2025-04-01 04:14:00,676,Identity
SUB_004,Jio,WhatsApp,2025-04-01 08:07:00,1558,Benign
SUB_004,Jio,WhatsApp,2025-04-01 12:41:00,1645,Benign
SUB_004,Jio,WhatsApp,2025-04-01 12:08:00,1385,Benign
SUB_004,Jio,WhatsApp,2025-04-01 06:43:00,1173,Benign
SUB_004,Jio,WhatsApp,2025-04-01 13:01:00,965,Investment
SUB_004,Jio,Telegram,2025-04-01 11:11:00,104,Benign
SUB_004,Jio,Telegram,2025-04-01 00:59:00,1209,Benign
SUB_004,Jio,Telegram,2025-04-01 12:15:00,467,Investment
SUB_004,Jio,Telegram,2025-04-01 02:53:00,1644,Identity
SUB_004,Jio,Signal,2025-04-01 05:55:00,955,Investment
SUB_004,Jio,Signal,2025-04-01 14:14:00,519,Benign
SUB_004,Jio,Signal,2025-04-01 07:24:00,92,Benign
SUB_004,Jio,Signal,2025-04-01 00:19:00,168,Benign
SUB_004,Jio,Signal,2025-04-01 17:00:00,691,Benign
SUB_005,BSNL,WhatsApp,2025-04-01 09:24:00,103,Benign
SUB_005,BSNL,WhatsApp,2025-04-01 01:46:00,828,Identity
SUB_005,BSNL,WhatsApp,2025-04-01 03:17:00,164,Benign
SUB_005,BSNL,WhatsApp,2025-04-01 14:43:00,368,Benign
SUB_005,BSNL,WhatsApp,2025-04-01 20:03:00,1432,Benign
SUB_005,BSNL,Telegram,2025-04-01 05:18:00,1369,Benign
SUB_005,BSNL,Telegram,2025-04-01 21:15:00,1712,Benign
SUB_005,BSNL,Telegram,2025-04-01 20:13:00,1617,Identity
SUB_005,BSNL,Telegram,2025-04-01 15:03:00,1374,Investment
SUB_005,BSNL,Telegram,2025-04-01 03:40:00,509,Financial
SUB_005,BSNL,Telegram,2025-04-01 08:52:00,747,Benign
SUB_005,BSNL,Telegram,2025-04-01 17:55:00,1241,Psychological
SUB_005,BSNL,Signal,2025-04-01 08:40:00,1587,Benign
SUB_005,BSNL,Signal,2025-04-01 00:17:00,606,Identity
SUB_005,BSNL,Signal,2025-04-01 16:25:00,1301,Benign
SUB_005,BSNL,Signal,2025-04-01 22:23:00,1581,Benign
SUB_005,BSNL,Signal,2025-04-01 17:55:00,1509,Benign
SUB_006,Vi,WhatsApp,2025-04-01 12:57:00,1289,Benign
SUB_006,Vi,WhatsApp,2025-04-01 19:15:00,1319,Benign
SUB_006,Vi,WhatsApp,2025-04-01 09:53:00,1035,Benign
SUB_006,Vi,WhatsApp,2025-04-01 23:16:00,591,Benign
SUB_006,Vi,WhatsApp,2025-04-01 17:46:00,925,Identity
SUB_006,Vi,Telegram,2025-04-01 05:16:00,1194,Benign
SUB_006,Vi,Telegram,2025-04-01 13:26:00,940,Benign
SUB_006,Vi,Telegram,2025-04-01 02:01:00,1455,Benign
SUB_006,Vi,Telegram,2025-04-01 05:35:00,1328,Benign
SUB_006,Vi,Telegram,2025-04-01 00:34:00,1598,Benign
SUB_006,Vi,Signal,2025-04-01 06:02:00,656,Psychological
SUB_006,Vi,Signal,2025-04-01 18:23:00,929,Benign
SUB_006,Vi,Signal,2025-04-01 21:59:00,781,Benign
SUB_006,Vi,Signal,2025-04-01 00:51:00,1671,Benign
SUB_007,Vi,WhatsApp,2025-04-01 08:43:00,393,Investment
SUB_007,Vi,WhatsApp,2025-04-01 00:41:00,1378,Benign
SUB_007,Vi,WhatsApp,2025-04-01 17:56:00,654,Benign
SUB_007,Vi,Telegram,2025-04-01 00:25:00,923,Psychological
SUB_007,Vi,Telegram,2025-04-01 19:11:00,1116,Benign
SUB_007,Vi,Telegram,2025-04-01 03:18:00,1598,Investment
SUB_007,Vi,Telegram,2025-04-01 00:09:00,1467,Identity
SUB_007,Vi,Signal,2025-04-01 10:57:00,1234,Financial
SUB_007,Vi,Signal,2025-04-01 00:34:00,824,Benign
SUB_007,Vi,Signal,2025-04-01 13:00:00,1685,Benign
SUB_007,Vi,Signal,2025-04-01 03:01:00,1028,Benign
SUB_007,Vi,Signal,2025-04-01 03:30:00,79,Benign
SUB_008,BSNL,WhatsApp,2025-04-01 23:57:00,639,Benign
SUB_008,BSNL,WhatsApp,2025-04-01 00:01:00,1259,Benign
SUB_008,BSNL,WhatsApp,2025-04-01 11:35:00,280,Benign
SUB_008,BSNL,WhatsApp,2025-04-01 00:26:00,253,Benign
SUB_008,BSNL,WhatsApp,2025-04-01 11:27:00,1503,Financial
SUB_008,BSNL,WhatsApp,2025-04-01 19:48:00,1783,Benign
SUB_008,BSNL,WhatsApp,2025-04-01 04:53:00,191,Benign
SUB_008,BSNL,WhatsApp,2025-04-01 08:28:00,300,Financial
SUB_008,BSNL,Telegram,2025-04-01 02:35:00,1692,Benign
SUB_008,BSNL,Telegram,2025-04-01 11:48:00,1595,Benign
SUB_008,BSNL,Telegram,2025-04-01 05:23:00,326,Benign
SUB_008,BSNL,Telegram,2025-04-01 18:04:00,227,Benign
SUB_008,BSNL,Telegram,2025-04-01 14:21:00,1216,Benign
SUB_008,BSNL,Telegram,2025-04-01 11:46:00,1512,Benign
SUB_008,BSNL,Telegram,2025-04-01 06:14:00,1786,Benign
SUB_008,BSNL,Telegram,2025-04-01 16:33:00,1267,Benign
SUB_008,BSNL,Signal,2025-04-01 16:57:00,695,Benign
SUB_008,BSNL,Signal,2025-04-01 04:07:00,1629,Benign
SUB_008,BSNL,Signal,2025-04-01 21:38:00,1529,Benign
SUB_009,Airtel,WhatsApp,2025-04-01 05:38:00,1674,Benign
SUB_009,Airtel,WhatsApp,2025-04-01 08:12:00,986,Investment
SUB_009,Airtel,WhatsApp,2025-04-01 18:33:00,1262,Benign
SUB_009,Airtel,WhatsApp,2025-04-01 05:22:00,1099,Benign
SUB_009,Airtel,Telegram,2025-04-01 12:26:00,363,Benign
SUB_009,Airtel,Telegram,2025-04-01 04:09:00,230,Benign
SUB_009,Airtel,Telegram,2025-04-01 19:34:00,300,Benign
SUB_009,Airtel,Telegram,2025-04-01 19:44:00,1208,Benign
SUB_009,Airtel,Telegram,2025-04-01 04:16:00,1235,Benign
SUB_009,Airtel,Telegram,2025-04-01 00:58:00,1003,Benign
SUB_009,Airtel,Telegram,2025-04-01 08:38:00,108,Benign
SUB_009,Airtel,Telegram,2025-04-01 03:02:00,967,Benign
SUB_009,Airtel,Signal,2025-04-01 16:22:00,1381,Investment
SUB_009,Airtel,Signal,2025-04-01 21:32:00,66,Benign
SUB_009,Airtel,Signal,2025-04-01 14:19:00,326,Investment
SUB_009,Airtel,Signal,2025-04-01 20:59:00,1018,Benign
SUB_009,Airtel,Signal,2025-04-01 19:13:00,1589,Investment
SUB_010,Airtel,WhatsApp,2025-04-01 02:15:00,1746,Financial
SUB_010,Airtel,WhatsApp,2025-04-01 06:28:00,247,Benign
SUB_010,Airtel,WhatsApp,2025-04-01 10:28:00,1226,Benign
SUB_010,Airtel,Telegram,2025-04-01 08:49:00,1097,Benign
SUB_010,Airtel,Telegram,2025-04-01 19:35:00,1497,Benign
SUB_010,Airtel,Telegram,2025-04-01 23:02:00,684,Psychological
SUB_010,Airtel,Telegram,2025-04-01 05:36:00,1289,Benign
SUB_010,Airtel,Telegram,2025-04-01 03:09:00,1569,Benign
SUB_010,Airtel,Signal,2025-04-01 07:45:00,749,Benign
SUB_010,Airtel,Signal,2025-04-01 17:27:00,510,Benign
SUB_010,Airtel,Signal,2025-04-01 10:27:00,1710,Benign
SUB_001,BSNL,WhatsApp,2025-04-02 20:48:00,749,Benign
SUB_001,BSNL,WhatsApp,2025-04-02 10:17:00,566,Benign
SUB_001,BSNL,WhatsApp,2025-04-02 05:54:00,1510,Benign
SUB_001,BSNL,WhatsApp,2025-04-02 03:45:00,1486,Benign
SUB_001,BSNL,Telegram,2025-04-02 19:56:00,1076,Benign
SUB_001,BSNL,Telegram,2025-04-02 05:46:00,447,Benign
SUB_001,BSNL,Telegram,2025-04-02 05:41:00,1128,Benign
SUB_001,BSNL,Telegram,2025-04-02 17:03:00,956,Benign
SUB_001,BSNL,Telegram,2025-04-02 17:39:00,1091,Benign
SUB_001,BSNL,Telegram,2025-04-02 23:13:00,845,Benign
SUB_001,BSNL,Telegram,2025-04-02 08:27:00,785,Benign
SUB_001,BSNL,Signal,2025-04-02 22:45:00,714,Identity
SUB_001,BSNL,Signal,2025-04-02 11:28:00,402,Benign
SUB_001,BSNL,Signal,2025-04-02 15:12:00,1095,Benign
SUB_001,BSNL,Signal,2025-04-02 00:51:00,295,Benign
SUB_001,BSNL,Signal,2025-04-02 04:27:00,1255,Benign
SUB_002,BSNL,WhatsApp,2025-04-02 04:07:00,334,Benign
SUB_002,BSNL,WhatsApp,2025-04-02 06:18:00,704,Benign
SUB_002,BSNL,WhatsApp,2025-04-02 03:03:00,1435,Benign
SUB_002,BSNL,WhatsApp,2025-04-02 06:11:00,1360,Investment
SUB_002,BSNL,WhatsApp,2025-04-02 23:44:00,830,Identity
SUB_002,BSNL,WhatsApp,2025-04-02 13:43:00,1766,Benign
SUB_002,BSNL,Telegram,2025-04-02 18:42:00,613,Investment
SUB_002,BSNL,Telegram,2025-04-02 19:49:00,1777,Psychological
SUB_002,BSNL,Telegram,2025-04-02 02:49:00,1245,Benign
SUB_002,BSNL,Telegram,2025-04-02 13:45:00,728,Benign
SUB_002,BSNL,Telegram,2025-04-02 13:10:00,1608,Benign
SUB_002,BSNL,Telegram,2025-04-02 17:36:00,507,Benign
SUB_002,BSNL,Signal,2025-04-02 13:58:00,596,Financial
SUB_002,BSNL,Signal,2025-04-02 10:26:00,1518,Benign
SUB_002,BSNL,Signal,2025-04-02 03:49:00,1628,Benign
SUB_002,BSNL,Signal,2025-04-02 17:16:00,1360,Psychological
SUB_002,BSNL,Signal,2025-04-02 01:58:00,1541,Benign
SUB_002,BSNL,Signal,2025-04-02 06:51:00,1073,Benign
SUB_002,BSNL,Signal,2025-04-02 05:51:00,1749,Identity
SUB_003,Airtel,WhatsApp,2025-04-02 10:05:00,682,Benign
SUB_003,Airtel,WhatsApp,2025-04-02 02:57:00,684,Benign
SUB_003,Airtel,WhatsApp,2025-04-02 05:09:00,806,Psychological
SUB_003,Airtel,WhatsApp,2025-04-02 03:57:00,835,Benign
SUB_003,Airtel,WhatsApp,2025-04-02 10:11:00,872,Benign
SUB_003,Airtel,WhatsApp,2025-04-02 05:08:00,338,Benign
SUB_003,Airtel,WhatsApp,2025-04-02 08:15:00,450,Benign
SUB_003,Airtel,Telegram,2025-04-02 13:59:00,1385,Financial
SUB_003,Airtel,Telegram,2025-04-02 13:52:00,398,Benign
SUB_003,Airtel,Telegram,2025-04-02 05:21:00,76,Benign
SUB_003,Airtel,Telegram,2025-04-02 01:07:00,1246,Benign
SUB_003,Airtel,Telegram,2025-04-02 16:34:00,1629,Psychological
SUB_003,Airtel,Telegram,2025-04-02 11:06:00,1506,Benign
SUB_003,Airtel,Telegram,2025-04-02 10:41:00,610,Benign
SUB_003,Airtel,Telegram,2025-04-02 05:48:00,681,Benign
SUB_003,Airtel,Signal,2025-04-02 03:34:00,387,Benign
SUB_003,Airtel,Signal,2025-04-02 06:55:00,407,Benign
SUB_003,Airtel,Signal,2025-04-02 04:31:00,381,Benign
SUB_003,Airtel,Signal,2025-04-02 11:26:00,1185,Benign
SUB_003,Airtel,Signal,2025-04-02 09:50:00,411,Identity
SUB_004,MTNL,WhatsApp,2025-04-02 16:32:00,1765,Benign
SUB_004,MTNL,WhatsApp,2025-04-02 15:47:00,149,Benign
SUB_004,MTNL,WhatsApp,2025-04-02 21:16:00,1314,Benign
SUB_004,MTNL,WhatsApp,2025-04-02 12:27:00,1396,Psychological
SUB_004,MTNL,WhatsApp,2025-04-02 04:25:00,416,Benign
SUB_004,MTNL,Telegram,2025-04-02 05:05:00,1313,Benign
SUB_004,MTNL,Telegram,2025-04-02 19:55:00,978,Investment
SUB_004,MTNL,Telegram,2025-04-02 13:14:00,570,Financial
SUB_004,MTNL,Telegram,2025-04-02 17:28:00,435,Benign
SUB_004,MTNL,Telegram,2025-04-02 14:00:00,1290,Psychological
SUB_004,MTNL,Telegram,2025-04-02 07:48:00,719,Identity
SUB_004,MTNL,Telegram,2025-04-02 23:54:00,792,Benign
SUB_004,MTNL,Telegram,2025-04-02 14:28:00,1161,Benign
SUB_004,MTNL,Signal,2025-04-02 15:41:00,1560,Benign
SUB_004,MTNL,Signal,2025-04-02 15:30:00,903,Benign
SUB_004,MTNL,Signal,2025-04-02 17:11:00,1773,Benign
SUB_004,MTNL,Signal,2025-04-02 19:44:00,1012,Benign
SUB_004,MTNL,Signal,2025-04-02 12:43:00,1648,Benign
SUB_005,MTNL,WhatsApp,2025-04-02 22:32:00,1496,Benign
SUB_005,MTNL,WhatsApp,2025-04-02 13:10:00,325,Financial
SUB_005,MTNL,WhatsApp,2025-04-02 07:37:00,645,Financial
SUB_005,MTNL,Telegram,2025-04-02 21:33:00,940,Benign
SUB_005,MTNL,Telegram,2025-04-02 10:35:00,297,Financial
SUB_005,MTNL,Telegram,2025-04-02 20:50:00,1128,Benign
SUB_005,MTNL,Telegram,2025-04-02 22:11:00,589,Benign
SUB_005,MTNL,Signal,2025-04-02 09:35:00,1654,Identity
SUB_005,MTNL,Signal,2025-04-02 12:10:00,1220,Benign
SUB_005,MTNL,Signal,2025-04-02 18:45:00,1189,Investment
SUB_005,MTNL,Signal,2025-04-02 23:20:00,72,Benign
SUB_005,MTNL,Signal,2025-04-02 20:18:00,551,Benign
SUB_005,MTNL,Signal,2025-04-02 21:25:00,1434,Benign
SUB_005,MTNL,Signal,2025-04-02 16:58:00,1264,Benign
SUB_005,MTNL,Signal,2025-04-02 20:22:00,831,Benign
SUB_006,BSNL,WhatsApp,2025-04-02 08:58:00,857,Benign
SUB_006,BSNL,WhatsApp,2025-04-02 19:03:00,1500,Investment
SUB_006,BSNL,WhatsApp,2025-04-02 12:41:00,187,Financial
SUB_006,BSNL,WhatsApp,2025-04-02 14:42:00,1479,Benign
SUB_006,BSNL,WhatsApp,2025-04-02 15:12:00,1645,Benign
SUB_006,BSNL,WhatsApp,2025-04-02 08:36:00,1195,Benign
SUB_006,BSNL,WhatsApp,2025-04-02 04:52:00,1314,Psychological
SUB_006,BSNL,Telegram,2025-04-02 06:36:00,421,Benign
SUB_006,BSNL,Telegram,2025-04-02 10:44:00,1193,Benign
SUB_006,BSNL,Telegram,2025-04-02 04:06:00,1438,Benign
SUB_006,BSNL,Telegram,2025-04-02 06:35:00,1111,Benign
SUB_006,BSNL,Telegram,2025-04-02 08:19:00,1209,Benign
SUB_006,BSNL,Telegram,2025-04-02 18:09:00,1603,Benign
SUB_006,BSNL,Signal,2025-04-02 10:14:00,1155,Identity
SUB_006,BSNL,Signal,2025-04-02 16:51:00,493,Benign
SUB_006,BSNL,Signal,2025-04-02 06:18:00,1154,Benign
SUB_007,Airtel,WhatsApp,2025-04-02 22:56:00,393,Benign
SUB_007,Airtel,WhatsApp,2025-04-02 12:56:00,326,Benign
SUB_007,Airtel,WhatsApp,2025-04-02 10:56:00,1590,Benign
SUB_007,Airtel,WhatsApp,2025-04-02 12:55:00,1091,Benign
SUB_007,Airtel,WhatsApp,2025-04-02 14:57:00,75,Benign
SUB_007,Airtel,WhatsApp,2025-04-02 04:07:00,1731,Benign
SUB_007,Airtel,Telegram,2025-04-02 04:02:00,671,Benign
SUB_007,Airtel,Telegram,2025-04-02 12:43:00,844,Benign
SUB_007,Airtel,Telegram,2025-04-02 06:09:00,1274,Benign
SUB_007,Airtel,Signal,2025-04-02 13:19:00,1781,Benign
SUB_007,Airtel,Signal,2025-04-02 23:07:00,1770,Financial
SUB_007,Airtel,Signal,2025-04-02 03:45:00,423,Benign
SUB_007,Airtel,Signal,2025-04-02 22:36:00,670,Benign
SUB_007,Airtel,Signal,2025-04-02 07:55:00,694,Benign
SUB_007,Airtel,Signal,2025-04-02 15:18:00,395,Benign
SUB_007,Airtel,Signal,2025-04-02 10:54:00,282,Benign
SUB_008,MTNL,WhatsApp,2025-04-02 21:37:00,1509,Benign
SUB_008,MTNL,WhatsApp,2025-04-02 04:03:00,1732,Benign
SUB_008,MTNL,WhatsApp,2025-04-02 02:23:00,566,Benign
SUB_008,MTNL,WhatsApp,2025-04-02 14:01:00,1181,Financial
SUB_008,MTNL,Telegram,2025-04-02 05:33:00,549,Benign
SUB_008,MTNL,Telegram,2025-04-02 08:35:00,334,Benign
SUB_008,MTNL,Telegram,2025-04-02 18:42:00,1394,Financial
SUB_008,MTNL,Telegram,2025-04-02 10:13:00,1712,Benign
SUB_008,MTNL,Telegram,2025-04-02 02:56:00,466,Benign
SUB_008,MTNL,Signal,2025-04-02 21:02:00,1256,Identity
SUB_008,MTNL,Signal,2025-04-02 16:05:00,1786,Financial
SUB_008,MTNL,Signal,2025-04-02 19:26:00,159,Identity
SUB_008,MTNL,Signal,2025-04-02 18:56:00,1690,Benign
SUB_008,MTNL,Signal,2025-04-02 21:19:00,820,Investment
SUB_008,MTNL,Signal,2025-04-02 18:27:00,88,Benign
SUB_008,MTNL,Signal,2025-04-02 17:03:00,1266,Benign
SUB_008,MTNL,Signal,2025-04-02 13:51:00,1139,Benign
SUB_009,Vi,WhatsApp,2025-04-02 15:25:00,1560,Benign
SUB_009,Vi,WhatsApp,2025-04-02 03:44:00,939,Identity
SUB_009,Vi,WhatsApp,2025-04-02 03:37:00,961,Benign
SUB_009,Vi,WhatsApp,2025-04-02 21:31:00,425,Benign
SUB_009,Vi,WhatsApp,2025-04-02 01:35:00,575,Benign
SUB_009,Vi,WhatsApp,2025-04-02 06:59:00,1721,Benign
SUB_009,Vi,WhatsApp,2025-04-02 07:01:00,818,Benign
SUB_009,Vi,Telegram,2025-04-02 20:27:00,640,Benign
SUB_009,Vi,Telegram,2025-04-02 06:44:00,153,Identity
SUB_009,Vi,Telegram,2025-04-02 07:26:00,268,Benign
SUB_009,Vi,Signal,2025-04-02 02:42:00,1563,Benign
SUB_009,Vi,Signal,2025-04-02 15:11:00,572,Benign
SUB_009,Vi,Signal,2025-04-02 14:47:00,1438,Benign
SUB_009,Vi,Signal,2025-04-02 06:28:00,1656,Benign
SUB_009,Vi,Signal,2025-04-02 14:14:00,1113,Benign
SUB_009,Vi,Signal,2025-04-02 14:43:00,1497,Financial
SUB_009,Vi,Signal,2025-04-02 18:45:00,1656,Benign
SUB_009,Vi,Signal,2025-04-02 12:14:00,1159,Benign
SUB_010,BSNL,WhatsApp,2025-04-02 16:51:00,1691,Benign
SUB_010,BSNL,WhatsApp,2025-04-02 08:43:00,818,Benign
SUB_010,BSNL,WhatsApp,2025-04-02 06:03:00,1761,Benign
SUB_010,BSNL,WhatsApp,2025-04-02 03:32:00,1718,Benign
SUB_010,BSNL,WhatsApp,2025-04-02 02:40:00,1024,Benign
SUB_010,BSNL,WhatsApp,2025-04-02 05:25:00,629,Identity
SUB_010,BSNL,WhatsApp,2025-04-02 22:07:00,568,Benign
SUB_010,BSNL,Telegram,2025-04-02 05:44:00,1268,Benign
SUB_010,BSNL,Telegram,2025-04-02 03:10:00,1450,Benign
SUB_010,BSNL,Telegram,2025-04-02 05:44:00,1393,Benign
SUB_010,BSNL,Telegram,2025-04-02 17:41:00,1628,Financial
SUB_010,BSNL,Telegram,2025-04-02 19:34:00,715,Identity
SUB_010,BSNL,Signal,2025-04-02 07:33:00,1764,Benign
SUB_010,BSNL,Signal,2025-04-02 00:20:00,1389,Benign
SUB_010,BSNL,Signal,2025-04-02 06:20:00,466,Identity
SUB_010,BSNL,Signal,2025-04-02 08:03:00,1057,Benign
SUB_010,BSNL,Signal,2025-04-02 00:20:00,1799,Benign
SUB_001,BSNL,WhatsApp,2025-04-03 06:13:00,429,Benign
SUB_001,BSNL,WhatsApp,2025-04-03 07:03:00,1244,Benign
SUB_001,BSNL,WhatsApp,2025-04-03 12:07:00,789,Benign
SUB_001,BSNL,WhatsApp,2025-04-03 13:44:00,771,Financial
SUB_001,BSNL,WhatsApp,2025-04-03 01:12:00,415,Benign
SUB_001,BSNL,WhatsApp,2025-04-03 11:47:00,900,Identity
SUB_001,BSNL,WhatsApp,2025-04-03 03:35:00,1791,Benign
SUB_001,BSNL,Telegram,2025-04-03 10:53:00,1282,Benign
SUB_001,BSNL,Telegram,2025-04-03 03:44:00,932,Financial
SUB_001,BSNL,Telegram,2025-04-03 02:29:00,1476,Benign
SUB_001,BSNL,Telegram,2025-04-03 04:13:00,244,Benign
SUB_001,BSNL,Telegram,2025-04-03 03:36:00,529,Benign
SUB_001,BSNL,Telegram,2025-04-03 18:02:00,628,Benign
SUB_001,BSNL,Telegram,2025-04-03 12:47:00,1343,Benign
SUB_001,BSNL,Signal,2025-04-03 03:31:00,882,Benign
SUB_001,BSNL,Signal,2025-04-03 15:34:00,272,Benign
SUB_001,BSNL,Signal,2025-04-03 10:12:00,438,Benign
SUB_001,BSNL,Signal,2025-04-03 06:48:00,1658,Benign
SUB_002,Jio,WhatsApp,2025-04-03 19:52:00,464,Benign
SUB_002,Jio,WhatsApp,2025-04-03 21:03:00,191,Financial
SUB_002,Jio,WhatsApp,2025-04-03 06:16:00,189,Benign
SUB_002,Jio,WhatsApp,2025-04-03 23:29:00,634,Benign
SUB_002,Jio,WhatsApp,2025-04-03 00:22:00,1019,Benign
SUB_002,Jio,WhatsApp,2025-04-03 15:56:00,1033,Benign
SUB_002,Jio,WhatsApp,2025-04-03 18:14:00,1380,Benign
SUB_002,Jio,Telegram,2025-04-03 17:17:00,141,Benign
SUB_002,Jio,Telegram,2025-04-03 13:11:00,1010,Benign
SUB_002,Jio,Telegram,2025-04-03 15:43:00,876,Benign
SUB_002,Jio,Telegram,2025-04-03 12:52:00,1363,Benign
SUB_002,Jio,Telegram,2025-04-03 04:15:00,1572,Benign
SUB_002,Jio,Signal,2025-04-03 21:31:00,948,Benign
SUB_002,Jio,Signal,2025-04-03 13:17:00,812,Benign
SUB_002,Jio,Signal,2025-04-03 02:16:00,366,Benign
SUB_002,Jio,Signal,2025-04-03 15:56:00,135,Benign
SUB_002,Jio,Signal,2025-04-03 14:32:00,782,Benign
SUB_002,Jio,Signal,2025-04-03 03:39:00,442,Investment
SUB_002,Jio,Signal,2025-04-03 04:08:00,966,Benign
SUB_002,Jio,Signal,2025-04-03 16:20:00,315,Benign
SUB_003,BSNL,WhatsApp,2025-04-03 16:55:00,970,Benign
SUB_003,BSNL,WhatsApp,2025-04-03 01:25:00,1144,Benign
SUB_003,BSNL,WhatsApp,2025-04-03 10:54:00,1788,Benign
SUB_003,BSNL,WhatsApp,2025-04-03 02:22:00,1429,Benign
SUB_003,BSNL,WhatsApp,2025-04-03 04:57:00,501,Benign
SUB_003,BSNL,WhatsApp,2025-04-03 12:01:00,1039,Benign
SUB_003,BSNL,WhatsApp,2025-04-03 15:21:00,441,Benign
SUB_003,BSNL,WhatsApp,2025-04-03 20:55:00,1426,Benign
SUB_003,BSNL,Telegram,2025-04-03 23:42:00,437,Psychological
SUB_003,BSNL,Telegram,2025-04-03 01:11:00,1614,Benign
SUB_003,BSNL,Telegram,2025-04-03 02:43:00,1469,Investment
SUB_003,BSNL,Telegram,2025-04-03 23:09:00,1735,Benign
SUB_003,BSNL,Telegram,2025-04-03 19:44:00,130,Benign
SUB_003,BSNL,Signal,2025-04-03 16:16:00,466,Benign
SUB_003,BSNL,Signal,2025-04-03 04:54:00,1774,Benign
SUB_003,BSNL,Signal,2025-04-03 18:43:00,1252,Benign
SUB_003,BSNL,Signal,2025-04-03 12:03:00,131,Benign
SUB_003,BSNL,Signal,2025-04-03 12:55:00,1759,Benign
SUB_003,BSNL,Signal,2025-04-03 11:27:00,818,Benign
SUB_004,BSNL,WhatsApp,2025-04-03 20:51:00,137,Identity
SUB_004,BSNL,WhatsApp,2025-04-03 03:17:00,804,Benign
SUB_004,BSNL,WhatsApp,2025-04-03 10:40:00,1061,Benign
SUB_004,BSNL,WhatsApp,2025-04-03 14:47:00,1595,Investment
SUB_004,BSNL,WhatsApp,2025-04-03 03:52:00,1222,Benign
SUB_004,BSNL,WhatsApp,2025-04-03 20:54:00,746,Benign
SUB_004,BSNL,Telegram,2025-04-03 07:40:00,762,Benign
SUB_004,BSNL,Telegram,2025-04-03 06:31:00,1556,Benign
SUB_004,BSNL,Telegram,2025-04-03 14:11:00,1747,Benign
SUB_004,BSNL,Telegram,2025-04-03 13:18:00,736,Benign
SUB_004,BSNL,Telegram,2025-04-03 02:15:00,1292,Investment
SUB_004,BSNL,Telegram,2025-04-03 19:42:00,1113,Psychological
SUB_004,BSNL,Signal,2025-04-03 19:06:00,654,Benign
SUB_004,BSNL,Signal,2025-04-03 18:00:00,1668,Benign
SUB_004,BSNL,Signal,2025-04-03 10:38:00,1420,Benign
SUB_004,BSNL,Signal,2025-04-03 02:38:00,477,Benign
SUB_005,Airtel,WhatsApp,2025-04-03 19:20:00,681,Benign
SUB_005,Airtel,WhatsApp,2025-04-03 08:50:00,1367,Benign
SUB_005,Airtel,WhatsApp,2025-04-03 20:09:00,1474,Benign
SUB_005,Airtel,WhatsApp,2025-04-03 04:17:00,1009,Identity
SUB_005,Airtel,WhatsApp,2025-04-03 21:00:00,1014,Benign
SUB_005,Airtel,WhatsApp,2025-04-03 04:24:00,862,Benign
SUB_005,Airtel,WhatsApp,2025-04-03 16:11:00,523,Benign
SUB_005,Airtel,WhatsApp,2025-04-03 12:38:00,1619,Benign
SUB_005,Airtel,Telegram,2025-04-03 13:36:00,536,Benign
SUB_005,Airtel,Telegram,2025-04-03 04:17:00,1668,Benign
SUB_005,Airtel,Telegram,2025-04-03 00:43:00,1674,Financial
SUB_005,Airtel,Telegram,2025-04-03 09:22:00,376,Benign
SUB_005,Airtel,Telegram,2025-04-03 10:07:00,711,Benign
SUB_005,Airtel,Telegram,2025-04-03 12:47:00,1024,Benign
SUB_005,Airtel,Telegram,2025-04-03 19:37:00,535,Benign
SUB_005,Airtel,Telegram,2025-04-03 18:58:00,369,Benign
SUB_005,Airtel,Signal,2025-04-03 04:30:00,141,Benign
SUB_005,Airtel,Signal,2025-04-03 20:07:00,471,Benign
SUB_005,Airtel,Signal,2025-04-03 03:05:00,334,Benign
SUB_005,Airtel,Signal,2025-04-03 19:03:00,100,Benign
SUB_006,Jio,WhatsApp,2025-04-03 21:35:00,1404,Benign
SUB_006,Jio,WhatsApp,2025-04-03 15:43:00,978,Benign
SUB_006,Jio,WhatsApp,2025-04-03 05:59:00,1030,Benign
SUB_006,Jio,WhatsApp,2025-04-03 08:34:00,216,Identity
SUB_006,Jio,WhatsApp,2025-04-03 16:17:00,438,Benign
SUB_006,Jio,WhatsApp,2025-04-03 18:33:00,1424,Benign
SUB_006,Jio,Telegram,2025-04-03 22:35:00,604,Benign
SUB_006,Jio,Telegram,2025-04-03 10:05:00,1346,Benign
SUB_006,Jio,Telegram,2025-04-03 03:12:00,1279,Identity
SUB_006,Jio,Signal,2025-04-03 15:48:00,1502,Benign
SUB_006,Jio,Signal,2025-04-03 05:37:00,1775,Benign
SUB_006,Jio,Signal,2025-04-03 13:54:00,522,Benign
SUB_006,Jio,Signal,2025-04-03 13:24:00,450,Benign
SUB_006,Jio,Signal,2025-04-03 00:03:00,1340,Benign
SUB_006,Jio,Signal,2025-04-03 13:15:00,118,Benign
SUB_006,Jio,Signal,2025-04-03 23:40:00,854,Benign
SUB_007,BSNL,WhatsApp,2025-04-03 09:50:00,499,Benign
SUB_007,BSNL,WhatsApp,2025-04-03 04:13:00,860,Benign
SUB_007,BSNL,WhatsApp,2025-04-03 19:27:00,1745,Psychological
SUB_007,BSNL,WhatsApp,2025-04-03 22:39:00,925,Benign
SUB_007,BSNL,WhatsApp,2025-04-03 19:01:00,1087,Benign
SUB_007,BSNL,Telegram,2025-04-03 01:57:00,1472,Benign
SUB_007,BSNL,Telegram,2025-04-03 18:48:00,1730,Benign
SUB_007,BSNL,Telegram,2025-04-03 16:38:00,352,Benign
SUB_007,BSNL,Signal,2025-04-03 06:14:00,1757,Benign
SUB_007,BSNL,Signal,2025-04-03 16:34:00,1526,Investment
SUB_007,BSNL,Signal,2025-04-03 02:10:00,110,Benign
SUB_007,BSNL,Signal,2025-04-03 06:22:00,1486,Benign
SUB_007,BSNL,Signal,2025-04-03 23:19:00,1346,Benign
SUB_007,BSNL,Signal,2025-04-03 01:35:00,1258,Benign
SUB_007,BSNL,Signal,2025-04-03 10:06:00,708,Benign
SUB_008,Vi,WhatsApp,2025-04-03 15:41:00,408,Financial
SUB_008,Vi,WhatsApp,2025-04-03 06:56:00,636,Identity
SUB_008,Vi,WhatsApp,2025-04-03 21:21:00,1238,Benign
SUB_008,Vi,WhatsApp,2025-04-03 09:34:00,786,Benign
SUB_008,Vi,WhatsApp,2025-04-03 02:52:00,1116,Benign
SUB_008,Vi,WhatsApp,2025-04-03 06:50:00,1634,Benign
SUB_008,Vi,Telegram,2025-04-03 00:27:00,89,Benign
SUB_008,Vi,Telegram,2025-04-03 23:51:00,516,Benign
SUB_008,Vi,Telegram,2025-04-03 05:54:00,674,Benign
SUB_008,Vi,Telegram,2025-04-03 10:35:00,1295,Psychological
SUB_008,Vi,Telegram,2025-04-03 04:19:00,707,Benign
SUB_008,Vi,Telegram,2025-04-03 21:22:00,526,Benign
SUB_008,Vi,Signal,2025-04-03 18:26:00,466,Benign
SUB_008,Vi,Signal,2025-04-03 19:10:00,1186,Identity
SUB_008,Vi,Signal,2025-04-03 22:45:00,1109,Benign
SUB_008,Vi,Signal,2025-04-03 17:58:00,1370,Benign
SUB_008,Vi,Signal,2025-04-03 11:48:00,765,Benign
SUB_008,Vi,Signal,2025-04-03 00:30:00,597,Identity
SUB_008,Vi,Signal,2025-04-03 07:24:00,1764,Benign
SUB_008,Vi,Signal,2025-04-03 03:14:00,1572,Benign
SUB_009,MTNL,WhatsApp,2025-04-03 16:21:00,379,Benign
SUB_009,MTNL,WhatsApp,2025-04-03 09:41:00,1416,Benign
SUB_009,MTNL,WhatsApp,2025-04-03 02:56:00,957,Benign
SUB_009,MTNL,WhatsApp,2025-04-03 16:31:00,196,Benign
SUB_009,MTNL,WhatsApp,2025-04-03 14:46:00,1495,Benign
SUB_009,MTNL,WhatsApp,2025-04-03 02:04:00,1780,Benign
SUB_009,MTNL,Telegram,2025-04-03 17:47:00,754,Benign
SUB_009,MTNL,Telegram,2025-04-03 10:01:00,231,Benign
SUB_009,MTNL,Telegram,2025-04-03 23:52:00,1449,Benign
SUB_009,MTNL,Telegram,2025-04-03 07:13:00,1071,Psychological
SUB_009,MTNL,Telegram,2025-04-03 10:42:00,352,Benign
SUB_009,MTNL,Telegram,2025-04-03 19:03:00,1786,Benign
SUB_009,MTNL,Telegram,2025-04-03 20:18:00,929,Benign
SUB_009,MTNL,Signal,2025-04-03 21:40:00,1465,Psychological
SUB_009,MTNL,Signal,2025-04-03 18:31:00,591,Benign
SUB_009,MTNL,Signal,2025-04-03 15:03:00,652,Benign
SUB_009,MTNL,Signal,2025-04-03 08:20:00,1544,Benign
SUB_010,Vi,WhatsApp,2025-04-03 13:14:00,425,Benign
SUB_010,Vi,WhatsApp,2025-04-03 06:13:00,364,Benign
SUB_010,Vi,WhatsApp,2025-04-03 20:30:00,1615,Investment
SUB_010,Vi,WhatsApp,2025-04-03 00:29:00,789,Benign
SUB_010,Vi,WhatsApp,2025-04-03 04:04:00,404,Benign
SUB_010,Vi,WhatsApp,2025-04-03 19:38:00,876,Benign
SUB_010,Vi,WhatsApp,2025-04-03 09:43:00,805,Benign
SUB_010,Vi,Telegram,2025-04-03 01:54:00,254,Benign
SUB_010,Vi,Telegram,2025-04-03 05:38:00,818,Identity
SUB_010,Vi,Telegram,2025-04-03 05:45:00,156,Benign
SUB_010,Vi,Telegram,2025-04-03 10:59:00,450,Identity
SUB_010,Vi,Telegram,2025-04-03 22:04:00,858,Benign
SUB_010,Vi,Telegram,2025-04-03 12:39:00,1063,Benign
SUB_010,Vi,Telegram,2025-04-03 09:00:00,1539,Psychological
SUB_010,Vi,Telegram,2025-04-03 22:16:00,467,Benign
SUB_010,Vi,Signal,2025-04-03 15:27:00,1332,Benign
SUB_010,Vi,Signal,2025-04-03 15:48:00,919,Benign
SUB_010,Vi,Signal,2025-04-03 17:25:00,500,Benign
SUB_010,Vi,Signal,2025-04-03 21:03:00,82,Benign
SUB_010,Vi,Signal,2025-04-03 15:26:00,571,Benign
SUB_010,Vi,Signal,2025-04-03 12:53:00,295,Benign
SUB_010,Vi,Signal,2025-04-03 12:34:00,1742,Benign
SUB_010,Vi,Signal,2025-04-03 20:28:00,836,Benign
